data_completa,ano,mes,nome_cliente,municipio,estado,nome_produto,nome_categoria,quantidade_vendida,valor_vendido
2025-01-02,2025,1,Gisele Bezerra,Campinas,São Paulo,Protetor Solar Facial FPS 50,Proteção Solar,1,55.90
2025-01-02,2025,1,Gisele Bezerra,Campinas,São Paulo,Protetor Solar Facial FPS 50,Proteção Solar,1,55.90
2025-01-02,2025,1,Laura Almeida,Rio de Janeiro,Rio de Janeiro,Protetor Solar Facial FPS 50,Proteção Solar,1,55.90
2025-01-02,2025,1,Gabriel Pereira,Campinas,São Paulo,Ômega 3 1000mg 120 cápsulas,Suplementos Alimentares,1,89.90
2025-01-02,2025,1,Laura Almeida,Rio de Janeiro,Rio de Janeiro,Protetor Solar Facial FPS 50,Proteção Solar,1,55.90
2025-01-04,2025,1,Mariana Ribeiro,Rio de Janeiro,Rio de Janeiro,Cortador de Unha Aço Inox,Higiene Pessoal,2,22.40
2025-01-04,2025,1,Mariana Ribeiro,Rio de Janeiro,Rio de Janeiro,Cortador de Unha Aço Inox,Higiene Pessoal,2,22.40
2025-01-04,2025,1,Enzo Silva,Campinas,São Paulo,Cortador de Unha Aço Inox,Higiene Pessoal,2,22.40
2025-01-04,2025,1,Enzo Silva,Campinas,São Paulo,Cortador de Unha Aço Inox,Higiene Pessoal,2,22.40
2025-01-05,2025,1,Tatiane Lopes,Campinas,São Paulo,Paracetamol 500mg,Analgesicos,4,22.00
2025-01-05,2025,1,Isabelly Silva,Campinas,São Paulo,Paracetamol 500mg,Analgesicos,4,22.00
2025-01-05,2025,1,Tatiane Lopes,Campinas,São Paulo,Paracetamol 500mg,Analgesicos,4,22.00
2025-01-05,2025,1,Isabelly Silva,Campinas,São Paulo,Paracetamol 500mg,Analgesicos,4,22.00
2025-01-05,2025,1,Davi Nogueira,Campinas,São Paulo,Teste de Gravidez Digital,Testes e Diagnósticos,2,91.80
2025-01-05,2025,1,Davi Nogueira,Campinas,São Paulo,Teste de Gravidez Digital,Testes e Diagnósticos,2,91.80
2025-01-06,2025,1,Arthur Rodrigues,Rio de Janeiro,Rio de Janeiro,Creatina Monohidratada 300g,Suplementos Alimentares,1,99.90
2025-01-06,2025,1,Isaac Barbosa,Campinas,São Paulo,Creatina Monohidratada 300g,Suplementos Alimentares,1,99.90
2025-01-06,2025,1,Isaac Barbosa,Campinas,São Paulo,Creatina Monohidratada 300g,Suplementos Alimentares,1,99.90
2025-01-06,2025,1,Theo Cavalcanti,Campinas,São Paulo,Amoxicilina 500mg,Antibióticos,3,38.25
2025-01-06,2025,1,Arthur Rodrigues,Rio de Janeiro,Rio de Janeiro,Creatina Monohidratada 300g,Suplementos Alimentares,1,99.90
2025-01-08,2025,1,José Padilha,Rio de Janeiro,Rio de Janeiro,Complexo B 100 cápsulas,Suplementos Alimentares,2,90.00
2025-01-08,2025,1,José Padilha,Rio de Janeiro,Rio de Janeiro,Complexo B 100 cápsulas,Suplementos Alimentares,2,90.00
2025-01-08,2025,1,Anderson Silva,Rio Branco,Acre,Complexo B 100 cápsulas,Suplementos Alimentares,2,90.00
2025-01-08,2025,1,Anderson Silva,Rio Branco,Acre,Complexo B 100 cápsulas,Suplementos Alimentares,2,90.00
2025-01-09,2025,1,Sarah Rodrigues,Campinas,São Paulo,Vitamina C Efervescente 1g,Suplementos Alimentares,1,28.50
2025-01-09,2025,1,Sarah Rodrigues,Campinas,São Paulo,Vitamina C Efervescente 1g,Suplementos Alimentares,1,28.50
2025-01-09,2025,1,Arthur Rodrigues,Rio de Janeiro,Rio de Janeiro,Vitamina C Efervescente 1g,Suplementos Alimentares,1,28.50
2025-01-09,2025,1,Arthur Rodrigues,Rio de Janeiro,Rio de Janeiro,Vitamina C Efervescente 1g,Suplementos Alimentares,1,28.50
2025-01-10,2025,1,Isabella Santos,Campinas,São Paulo,Cálcio + Vitamina D3,Suplementos Alimentares,2,76.00
2025-01-10,2025,1,Aline Peixoto,Campinas,São Paulo,Cálcio + Vitamina D3,Suplementos Alimentares,2,76.00
2025-01-10,2025,1,Isabella Santos,Campinas,São Paulo,Cálcio + Vitamina D3,Suplementos Alimentares,2,76.00
2025-01-10,2025,1,Carolina Macedo,Campinas,São Paulo,Máscara de Proteção N95,Proteção e Segurança,1,6.00
2025-01-10,2025,1,Aline Peixoto,Campinas,São Paulo,Cálcio + Vitamina D3,Suplementos Alimentares,2,76.00
2025-01-11,2025,1,Anderson Melo,Rio de Janeiro,Rio de Janeiro,Gase Estéril Pacote (10 un),Primeiros Socorros,2,19.00
2025-01-11,2025,1,Diego Pinto,Rio de Janeiro,Rio de Janeiro,Gase Estéril Pacote (10 un),Primeiros Socorros,2,19.00
2025-01-11,2025,1,Anderson Melo,Rio de Janeiro,Rio de Janeiro,Gase Estéril Pacote (10 un),Primeiros Socorros,2,19.00
2025-01-11,2025,1,Diego Pinto,Rio de Janeiro,Rio de Janeiro,Gase Estéril Pacote (10 un),Primeiros Socorros,2,19.00
2025-01-11,2025,1,Esther Lima,Campinas,São Paulo,Curativo Adesivo à Prova D'água,Primeiros Socorros,1,13.90
2025-01-12,2025,1,Carlos Pereira,Macapá,Amapá,Paracetamol 500mg,Analgesicos,4,22.00
2025-01-12,2025,1,Carlos Pereira,Macapá,Amapá,Paracetamol 500mg,Analgesicos,4,22.00
2025-01-12,2025,1,Sarah Rodrigues,Campinas,São Paulo,Paracetamol 500mg,Analgesicos,4,22.00
2025-01-12,2025,1,Sarah Rodrigues,Campinas,São Paulo,Paracetamol 500mg,Analgesicos,4,22.00
2025-01-13,2025,1,Yasmin Barbosa,Rio de Janeiro,Rio de Janeiro,Creatina Monohidratada 300g,Suplementos Alimentares,2,199.80
2025-01-13,2025,1,Yasmin Barbosa,Rio de Janeiro,Rio de Janeiro,Creatina Monohidratada 300g,Suplementos Alimentares,2,199.80
2025-01-13,2025,1,Rafael Nogueira,Rio de Janeiro,Rio de Janeiro,Paracetamol 500mg,Analgesicos,4,22.00
2025-01-13,2025,1,Ana Souza,Maceió,Alagoas,Creatina Monohidratada 300g,Suplementos Alimentares,2,199.80
2025-01-13,2025,1,Ana Souza,Maceió,Alagoas,Creatina Monohidratada 300g,Suplementos Alimentares,2,199.80
2025-01-14,2025,1,Elisa Nogueira,Campinas,São Paulo,Lubrificante Íntimo à Base de Água 50g,Higiene Pessoal,3,60.00
2025-01-14,2025,1,Elisa Nogueira,Campinas,São Paulo,Lubrificante Íntimo à Base de Água 50g,Higiene Pessoal,3,60.00
2025-01-14,2025,1,Calebe Mendes,Campinas,São Paulo,Lubrificante Íntimo à Base de Água 50g,Higiene Pessoal,3,60.00
2025-01-14,2025,1,Calebe Mendes,Campinas,São Paulo,Lubrificante Íntimo à Base de Água 50g,Higiene Pessoal,3,60.00
2025-01-15,2025,1,Gisele Bezerra,Campinas,São Paulo,Vitamina C Efervescente 1g,Suplementos Alimentares,2,57.00
2025-01-16,2025,1,Theo Cavalcanti,Campinas,São Paulo,Amoxicilina 500mg,Antibióticos,3,38.25
2025-01-17,2025,1,Lívia Mendes,Rio de Janeiro,Rio de Janeiro,Vitamina C Efervescente 1g,Suplementos Alimentares,2,57.00
2025-01-17,2025,1,Lívia Mendes,Rio de Janeiro,Rio de Janeiro,Vitamina C Efervescente 1g,Suplementos Alimentares,2,57.00
2025-01-17,2025,1,Melissa Costa,Campinas,São Paulo,Vitamina C Efervescente 1g,Suplementos Alimentares,2,57.00
2025-01-17,2025,1,Helena Martins,Rio de Janeiro,Rio de Janeiro,Protetor Solar Corporal FPS 30 200ml,Proteção Solar,3,144.00
2025-01-17,2025,1,Raul Ramos,Rio de Janeiro,Rio de Janeiro,Protetor Solar Corporal FPS 30 200ml,Proteção Solar,3,144.00
2025-01-17,2025,1,Helena Martins,Rio de Janeiro,Rio de Janeiro,Protetor Solar Corporal FPS 30 200ml,Proteção Solar,3,144.00
2025-01-17,2025,1,Melissa Costa,Campinas,São Paulo,Vitamina C Efervescente 1g,Suplementos Alimentares,2,57.00
2025-01-17,2025,1,Tiago Tavares,Rio de Janeiro,Rio de Janeiro,Ômega 3 1000mg 120 cápsulas,Suplementos Alimentares,1,89.90
2025-01-17,2025,1,Raul Ramos,Rio de Janeiro,Rio de Janeiro,Protetor Solar Corporal FPS 30 200ml,Proteção Solar,3,144.00
2025-01-18,2025,1,Vinicius Cardoso,Rio de Janeiro,Rio de Janeiro,Paracetamol 500mg,Analgesicos,2,11.00
2025-01-18,2025,1,Beatriz Almeida,Rio de Janeiro,Rio de Janeiro,Paracetamol 500mg,Analgesicos,4,22.00
2025-01-18,2025,1,Vinicius Cardoso,Rio de Janeiro,Rio de Janeiro,Paracetamol 500mg,Analgesicos,2,11.00
2025-01-18,2025,1,Clarice Souza,Campinas,São Paulo,Paracetamol 500mg,Analgesicos,4,22.00
2025-01-18,2025,1,Beatriz Almeida,Rio de Janeiro,Rio de Janeiro,Paracetamol 500mg,Analgesicos,4,22.00
2025-01-18,2025,1,Clarice Souza,Campinas,São Paulo,Paracetamol 500mg,Analgesicos,4,22.00
2025-01-19,2025,1,Valentina Ribeiro,Campinas,São Paulo,Teste de Gravidez Digital,Testes e Diagnósticos,1,45.90
2025-01-20,2025,1,Alice Ferreira,Rio de Janeiro,Rio de Janeiro,Desodorante Aerosol Sem Perfume,Higiene Pessoal,1,16.50
2025-01-20,2025,1,Cristiane Andrade,Campinas,São Paulo,Desodorante Aerosol Sem Perfume,Higiene Pessoal,1,16.50
2025-01-20,2025,1,Cristiane Andrade,Campinas,São Paulo,Desodorante Aerosol Sem Perfume,Higiene Pessoal,1,16.50
2025-01-20,2025,1,Carolina Macedo,Campinas,São Paulo,Máscara de Proteção N95,Proteção e Segurança,1,6.00
2025-01-20,2025,1,Alice Ferreira,Rio de Janeiro,Rio de Janeiro,Desodorante Aerosol Sem Perfume,Higiene Pessoal,1,16.50
2025-01-23,2025,1,Clarice Souza,Campinas,São Paulo,Esparadrapo Impermeável Branco,Primeiros Socorros,2,18.00
2025-01-23,2025,1,Lorenzo Silva,Campinas,São Paulo,Esparadrapo Impermeável Branco,Primeiros Socorros,2,18.00
2025-01-23,2025,1,Lorenzo Silva,Campinas,São Paulo,Esparadrapo Impermeável Branco,Primeiros Socorros,2,18.00
2025-01-23,2025,1,Rafael Nogueira,Rio de Janeiro,Rio de Janeiro,Paracetamol 500mg,Analgesicos,4,22.00
2025-01-23,2025,1,Clarice Souza,Campinas,São Paulo,Esparadrapo Impermeável Branco,Primeiros Socorros,2,18.00
2025-01-24,2025,1,Pedro Souza,Campinas,São Paulo,Coenzima Q10 100mg,Suplementos Alimentares,4,380.00
2025-01-24,2025,1,Pedro Souza,Campinas,São Paulo,Coenzima Q10 100mg,Suplementos Alimentares,4,380.00
2025-01-26,2025,1,Paulo Cordeiro,Rio de Janeiro,Rio de Janeiro,Paracetamol 500mg,Analgesicos,4,22.00
2025-01-26,2025,1,Bruno Souza,Campinas,São Paulo,Paracetamol 500mg,Analgesicos,4,22.00
2025-01-26,2025,1,Júlia Oliveira,Campinas,São Paulo,Algodão em Bolas 100g,Primeiros Socorros,1,7.20
2025-01-26,2025,1,Paulo Cordeiro,Rio de Janeiro,Rio de Janeiro,Paracetamol 500mg,Analgesicos,4,22.00
2025-01-26,2025,1,Bruno Souza,Campinas,São Paulo,Paracetamol 500mg,Analgesicos,4,22.00
2025-01-27,2025,1,Tiago Tavares,Rio de Janeiro,Rio de Janeiro,Ômega 3 1000mg 120 cápsulas,Suplementos Alimentares,1,89.90
2025-01-27,2025,1,Rodrigo Santos,Campinas,São Paulo,"Esmalte de Unha Hipoalergênico Cor ""Vinho""",Cosméticos,1,9.90
2025-01-27,2025,1,Carlos Pereira,Macapá,Amapá,"Esmalte de Unha Hipoalergênico Cor ""Vinho""",Cosméticos,1,9.90
2025-01-27,2025,1,Rodrigo Santos,Campinas,São Paulo,"Esmalte de Unha Hipoalergênico Cor ""Vinho""",Cosméticos,1,9.90
2025-01-27,2025,1,Lucas Ferreira,Rio de Janeiro,Rio de Janeiro,Cortador de Unha Aço Inox,Higiene Pessoal,1,11.20
2025-01-27,2025,1,Carlos Pereira,Macapá,Amapá,"Esmalte de Unha Hipoalergênico Cor ""Vinho""",Cosméticos,1,9.90
2025-01-28,2025,1,Amanda Correia,Campinas,São Paulo,Talco Antisséptico para os Pés,Higiene Pessoal,1,13.90
2025-01-28,2025,1,Valentina Ribeiro,Campinas,São Paulo,Talco Antisséptico para os Pés,Higiene Pessoal,1,13.90
2025-01-28,2025,1,Amanda Correia,Campinas,São Paulo,Talco Antisséptico para os Pés,Higiene Pessoal,1,13.90
2025-01-28,2025,1,Isabelly Silva,Campinas,São Paulo,Cortador de Unha Aço Inox,Higiene Pessoal,1,11.20
2025-01-28,2025,1,Isabelly Silva,Campinas,São Paulo,Cortador de Unha Aço Inox,Higiene Pessoal,1,11.20
2025-01-28,2025,1,Valentina Ribeiro,Campinas,São Paulo,Talco Antisséptico para os Pés,Higiene Pessoal,1,13.90
2025-01-29,2025,1,Roberto Salgado,Rio de Janeiro,Rio de Janeiro,Vacina Influenza 2025,Vacinas,2,100.00
2025-01-30,2025,1,Felipe Barros,Rio de Janeiro,Rio de Janeiro,Algodão em Bolas 100g,Primeiros Socorros,2,14.40
2025-01-31,2025,1,Cauã Almeida,Campinas,São Paulo,Teste de Gravidez Digital,Testes e Diagnósticos,1,45.90
2025-01-31,2025,1,Cauã Almeida,Campinas,São Paulo,Teste de Gravidez Digital,Testes e Diagnósticos,1,45.90
2025-01-31,2025,1,Leonardo Paiva,Rio de Janeiro,Rio de Janeiro,Coenzima Q10 100mg,Suplementos Alimentares,2,190.00
2025-01-31,2025,1,Marcelo Rocha,Rio de Janeiro,Rio de Janeiro,Coenzima Q10 100mg,Suplementos Alimentares,2,190.00
2025-01-31,2025,1,Leonardo Paiva,Rio de Janeiro,Rio de Janeiro,Coenzima Q10 100mg,Suplementos Alimentares,2,190.00
2025-01-31,2025,1,Marcelo Rocha,Rio de Janeiro,Rio de Janeiro,Coenzima Q10 100mg,Suplementos Alimentares,2,190.00
2025-01-31,2025,1,Maria Clara Rodrigues,Rio de Janeiro,Rio de Janeiro,Teste de Gravidez Digital,Testes e Diagnósticos,1,45.90
2025-01-31,2025,1,Maria Clara Rodrigues,Rio de Janeiro,Rio de Janeiro,Teste de Gravidez Digital,Testes e Diagnósticos,1,45.90
2025-02-02,2025,2,Ana Souza,Maceió,Alagoas,Teste de Gravidez Digital,Testes e Diagnósticos,2,91.80
2025-02-03,2025,2,Mariana Ribeiro,Rio de Janeiro,Rio de Janeiro,Paracetamol 500mg,Analgesicos,4,22.00
2025-02-03,2025,2,Amanda Correia,Campinas,São Paulo,Paracetamol 500mg,Analgesicos,4,22.00
2025-02-03,2025,2,Mariana Ribeiro,Rio de Janeiro,Rio de Janeiro,Paracetamol 500mg,Analgesicos,4,22.00
2025-02-03,2025,2,Ana Júlia Oliveira,Campinas,São Paulo,Absorvente Noturno Suave (16 un),Cuidados Femininos,2,29.60
2025-02-03,2025,2,Amanda Correia,Campinas,São Paulo,Paracetamol 500mg,Analgesicos,4,22.00
2025-02-05,2025,2,Sebastião Costa,Campinas,São Paulo,Creatina Monohidratada 300g,Suplementos Alimentares,1,99.90
2025-02-05,2025,2,Fernando Queiroz,Rio de Janeiro,Rio de Janeiro,Creatina Monohidratada 300g,Suplementos Alimentares,1,99.90
2025-02-05,2025,2,Bruna Campos,Campinas,São Paulo,Vitamina C Efervescente 1g,Suplementos Alimentares,1,28.50
2025-02-05,2025,2,Fernando Queiroz,Rio de Janeiro,Rio de Janeiro,Creatina Monohidratada 300g,Suplementos Alimentares,1,99.90
2025-02-05,2025,2,Fábio Pires,Rio de Janeiro,Rio de Janeiro,Vitamina C Efervescente 1g,Suplementos Alimentares,1,28.50
2025-02-05,2025,2,Sebastião Costa,Campinas,São Paulo,Creatina Monohidratada 300g,Suplementos Alimentares,1,99.90
2025-02-05,2025,2,Bruna Campos,Campinas,São Paulo,Vitamina C Efervescente 1g,Suplementos Alimentares,1,28.50
2025-02-07,2025,2,Lucas Ferreira,Rio de Janeiro,Rio de Janeiro,Cortador de Unha Aço Inox,Higiene Pessoal,1,11.20
2025-02-07,2025,2,Carlos Santana,Rio de Janeiro,Rio de Janeiro,Teste de Gravidez Digital,Testes e Diagnósticos,1,45.90
2025-02-08,2025,2,Anderson Silva,Rio Branco,Acre,Paracetamol 500mg,Analgesicos,4,22.00
2025-02-09,2025,2,Vitor Drumond,Rio de Janeiro,Rio de Janeiro,Creatina Monohidratada 300g,Suplementos Alimentares,1,99.90
2025-02-09,2025,2,Ana Souza,Maceió,Alagoas,Gase Estéril Pacote (10 un),Primeiros Socorros,1,9.50
2025-02-09,2025,2,Roberto Salgado,Rio de Janeiro,Rio de Janeiro,Vacina Influenza 2025,Vacinas,2,100.00
2025-02-09,2025,2,Elisa Nogueira,Campinas,São Paulo,Creatina Monohidratada 300g,Suplementos Alimentares,1,99.90
2025-02-09,2025,2,Vitor Drumond,Rio de Janeiro,Rio de Janeiro,Creatina Monohidratada 300g,Suplementos Alimentares,1,99.90
2025-02-09,2025,2,Ana Souza,Maceió,Alagoas,Gase Estéril Pacote (10 un),Primeiros Socorros,1,9.50
2025-02-09,2025,2,Elisa Nogueira,Campinas,São Paulo,Creatina Monohidratada 300g,Suplementos Alimentares,1,99.90
2025-02-10,2025,2,Enzo Silva,Campinas,São Paulo,Paracetamol 500mg,Analgesicos,4,22.00
2025-02-11,2025,2,Renata Brandão,Campinas,São Paulo,Paracetamol 500mg,Analgesicos,4,22.00
2025-02-11,2025,2,Lucas Ferreira,Rio de Janeiro,Rio de Janeiro,Vitamina C Efervescente 1g,Suplementos Alimentares,1,28.50
2025-02-11,2025,2,Bruno Souza,Campinas,São Paulo,Vitamina C Efervescente 1g,Suplementos Alimentares,1,28.50
2025-02-11,2025,2,Eduardo Cunha,Rio de Janeiro,Rio de Janeiro,Paracetamol 500mg,Analgesicos,4,22.00
2025-02-11,2025,2,Bruno Souza,Campinas,São Paulo,Vitamina C Efervescente 1g,Suplementos Alimentares,1,28.50
2025-02-11,2025,2,Lucas Ferreira,Rio de Janeiro,Rio de Janeiro,Vitamina C Efervescente 1g,Suplementos Alimentares,1,28.50
2025-02-11,2025,2,Renata Brandão,Campinas,São Paulo,Paracetamol 500mg,Analgesicos,4,22.00
2025-02-11,2025,2,Eduardo Cunha,Rio de Janeiro,Rio de Janeiro,Paracetamol 500mg,Analgesicos,4,22.00
2025-02-13,2025,2,Roberto Salgado,Rio de Janeiro,Rio de Janeiro,Teste de Gravidez Digital,Testes e Diagnósticos,1,45.90
2025-02-13,2025,2,Calebe Mendes,Campinas,São Paulo,Teste de Gravidez Digital,Testes e Diagnósticos,1,45.90
2025-02-13,2025,2,Roberto Salgado,Rio de Janeiro,Rio de Janeiro,Teste de Gravidez Digital,Testes e Diagnósticos,1,45.90
2025-02-13,2025,2,Calebe Mendes,Campinas,São Paulo,Teste de Gravidez Digital,Testes e Diagnósticos,1,45.90
2025-02-15,2025,2,Gabriel Pereira,Campinas,São Paulo,Coenzima Q10 100mg,Suplementos Alimentares,2,190.00
2025-02-18,2025,2,Carlos Santana,Rio de Janeiro,Rio de Janeiro,Teste de Gravidez Digital,Testes e Diagnósticos,1,45.90
2025-02-18,2025,2,Juliana Dias,Campinas,São Paulo,Creatina Monohidratada 300g,Suplementos Alimentares,3,299.70
2025-02-18,2025,2,Juliana Dias,Campinas,São Paulo,Creatina Monohidratada 300g,Suplementos Alimentares,3,299.70
2025-02-18,2025,2,Eduardo Cunha,Rio de Janeiro,Rio de Janeiro,Creatina Monohidratada 300g,Suplementos Alimentares,3,299.70
2025-02-18,2025,2,Eduardo Cunha,Rio de Janeiro,Rio de Janeiro,Creatina Monohidratada 300g,Suplementos Alimentares,3,299.70
2025-02-19,2025,2,Sandra Fogaça,Campinas,São Paulo,Paracetamol 500mg,Analgesicos,4,22.00
2025-02-19,2025,2,Raul Ramos,Rio de Janeiro,Rio de Janeiro,Paracetamol 500mg,Analgesicos,4,22.00
2025-02-19,2025,2,Sandra Fogaça,Campinas,São Paulo,Paracetamol 500mg,Analgesicos,4,22.00
2025-02-19,2025,2,Raul Ramos,Rio de Janeiro,Rio de Janeiro,Paracetamol 500mg,Analgesicos,4,22.00
2025-02-20,2025,2,Anderson Silva,Rio Branco,Acre,Paracetamol 500mg,Analgesicos,4,22.00
2025-02-20,2025,2,Rebeca Gonçalves,Campinas,São Paulo,Magnésio Quelato 60 cápsulas,Suplementos Alimentares,1,58.00
2025-02-20,2025,2,Rebeca Gonçalves,Campinas,São Paulo,Magnésio Quelato 60 cápsulas,Suplementos Alimentares,1,58.00
2025-02-20,2025,2,Rebeca Gonçalves,Campinas,São Paulo,Magnésio Quelato 60 cápsulas,Suplementos Alimentares,1,58.00
2025-02-20,2025,2,Rebeca Gonçalves,Campinas,São Paulo,Magnésio Quelato 60 cápsulas,Suplementos Alimentares,1,58.00
2025-02-21,2025,2,Patrícia Duarte,Campinas,São Paulo,Melatonina 0.21mg,Suplementos Alimentares,1,45.00
2025-02-21,2025,2,Patrícia Duarte,Campinas,São Paulo,Melatonina 0.21mg,Suplementos Alimentares,1,45.00
2025-02-21,2025,2,Patrícia Duarte,Campinas,São Paulo,Melatonina 0.21mg,Suplementos Alimentares,1,45.00
2025-02-21,2025,2,Patrícia Duarte,Campinas,São Paulo,Melatonina 0.21mg,Suplementos Alimentares,1,45.00
2025-02-22,2025,2,Amanda Correia,Campinas,São Paulo,Vitamina C Efervescente 1g,Suplementos Alimentares,1,28.50
2025-02-22,2025,2,Débora Moreira,Campinas,São Paulo,Coenzima Q10 100mg,Suplementos Alimentares,1,95.00
2025-02-24,2025,2,Cláudia Chaves,Campinas,São Paulo,Creme Hidratante Corporal,Cuidados Corporais,1,32.50
2025-02-24,2025,2,Lavínia Pereira,Campinas,São Paulo,Lenços Umedecidos Antissépticos,Higiene Pessoal,1,15.00
2025-02-24,2025,2,Bernardo Gonçalves,Campinas,São Paulo,Removedor de Esmalte sem Acetona,Cosméticos,2,15.00
2025-02-24,2025,2,Cláudia Chaves,Campinas,São Paulo,Creme Hidratante Corporal,Cuidados Corporais,1,32.50
2025-02-24,2025,2,Lavínia Pereira,Campinas,São Paulo,Lenços Umedecidos Antissépticos,Higiene Pessoal,1,15.00
2025-02-24,2025,2,Cláudia Chaves,Campinas,São Paulo,Creme Hidratante Corporal,Cuidados Corporais,1,32.50
2025-02-24,2025,2,Bernardo Gonçalves,Campinas,São Paulo,Removedor de Esmalte sem Acetona,Cosméticos,2,15.00
2025-02-24,2025,2,Bernardo Gonçalves,Campinas,São Paulo,Removedor de Esmalte sem Acetona,Cosméticos,2,15.00
2025-02-24,2025,2,Cláudia Chaves,Campinas,São Paulo,Creme Hidratante Corporal,Cuidados Corporais,1,32.50
2025-02-24,2025,2,Bernardo Gonçalves,Campinas,São Paulo,Removedor de Esmalte sem Acetona,Cosméticos,2,15.00
2025-02-25,2025,2,Mariana Ribeiro,Rio de Janeiro,Rio de Janeiro,Lenços Umedecidos Antissépticos,Higiene Pessoal,3,45.00
2025-02-26,2025,2,Mariana Ribeiro,Rio de Janeiro,Rio de Janeiro,Sabonete Líquido Íntimo Feminino,Cuidados Femininos,2,45.00
2025-02-26,2025,2,Mariana Ribeiro,Rio de Janeiro,Rio de Janeiro,Sabonete Líquido Íntimo Feminino,Cuidados Femininos,2,45.00
2025-02-26,2025,2,Mariana Ribeiro,Rio de Janeiro,Rio de Janeiro,Sabonete Líquido Íntimo Feminino,Cuidados Femininos,2,45.00
2025-02-26,2025,2,Mariana Ribeiro,Rio de Janeiro,Rio de Janeiro,Sabonete Líquido Íntimo Feminino,Cuidados Femininos,2,45.00
2025-02-27,2025,2,Maria Clara Rodrigues,Rio de Janeiro,Rio de Janeiro,Teste de Gravidez Digital,Testes e Diagnósticos,1,45.90
2025-02-27,2025,2,Leandro Teixeira,Rio de Janeiro,Rio de Janeiro,Paracetamol 500mg,Analgesicos,4,22.00
2025-02-27,2025,2,Maria Clara Rodrigues,Rio de Janeiro,Rio de Janeiro,Teste de Gravidez Digital,Testes e Diagnósticos,1,45.90
2025-02-27,2025,2,Leandro Teixeira,Rio de Janeiro,Rio de Janeiro,Paracetamol 500mg,Analgesicos,4,22.00
2025-02-27,2025,2,Leandro Teixeira,Rio de Janeiro,Rio de Janeiro,Paracetamol 500mg,Analgesicos,4,22.00
2025-02-27,2025,2,Maria Clara Rodrigues,Rio de Janeiro,Rio de Janeiro,Teste de Gravidez Digital,Testes e Diagnósticos,1,45.90
2025-02-27,2025,2,Maria Clara Rodrigues,Rio de Janeiro,Rio de Janeiro,Teste de Gravidez Digital,Testes e Diagnósticos,1,45.90
2025-02-27,2025,2,Leandro Teixeira,Rio de Janeiro,Rio de Janeiro,Paracetamol 500mg,Analgesicos,4,22.00
2025-02-28,2025,2,Anderson Melo,Rio de Janeiro,Rio de Janeiro,Vitamina D3 2000 UI 60 cápsulas,Suplementos Alimentares,1,42.80
2025-02-28,2025,2,Anderson Melo,Rio de Janeiro,Rio de Janeiro,Vitamina D3 2000 UI 60 cápsulas,Suplementos Alimentares,1,42.80
2025-02-28,2025,2,Anderson Melo,Rio de Janeiro,Rio de Janeiro,Vitamina D3 2000 UI 60 cápsulas,Suplementos Alimentares,1,42.80
2025-02-28,2025,2,Anderson Melo,Rio de Janeiro,Rio de Janeiro,Vitamina D3 2000 UI 60 cápsulas,Suplementos Alimentares,1,42.80
2025-03-01,2025,3,Paulo Cordeiro,Rio de Janeiro,Rio de Janeiro,Barra de Proteína Chocolate,Suplementos Alimentares,1,9.00
2025-03-01,2025,3,Rodrigo Santos,Campinas,São Paulo,Vitamina C Efervescente 1g,Suplementos Alimentares,1,28.50
2025-03-01,2025,3,Paulo Cordeiro,Rio de Janeiro,Rio de Janeiro,Barra de Proteína Chocolate,Suplementos Alimentares,1,9.00
2025-03-01,2025,3,Rodrigo Santos,Campinas,São Paulo,Vitamina C Efervescente 1g,Suplementos Alimentares,1,28.50
2025-03-01,2025,3,Rodrigo Santos,Campinas,São Paulo,Vitamina C Efervescente 1g,Suplementos Alimentares,1,28.50
2025-03-01,2025,3,Sarah Rodrigues,Campinas,São Paulo,Absorvente Noturno Suave (16 un),Cuidados Femininos,2,29.60
2025-03-01,2025,3,Paulo Cordeiro,Rio de Janeiro,Rio de Janeiro,Barra de Proteína Chocolate,Suplementos Alimentares,1,9.00
2025-03-01,2025,3,Rodrigo Santos,Campinas,São Paulo,Vitamina C Efervescente 1g,Suplementos Alimentares,1,28.50
2025-03-01,2025,3,Paulo Cordeiro,Rio de Janeiro,Rio de Janeiro,Barra de Proteína Chocolate,Suplementos Alimentares,1,9.00
2025-03-01,2025,3,Sarah Rodrigues,Campinas,São Paulo,Absorvente Noturno Suave (16 un),Cuidados Femininos,2,29.60
2025-03-02,2025,3,Rodrigo Santos,Campinas,São Paulo,Paracetamol 500mg,Analgesicos,4,22.00
2025-03-03,2025,3,Marcos Valente,Rio de Janeiro,Rio de Janeiro,Álcool em Gel 70% 500ml,Higiene Pessoal,1,18.00
2025-03-04,2025,3,Débora Moreira,Campinas,São Paulo,Coenzima Q10 100mg,Suplementos Alimentares,1,95.00
2025-03-06,2025,3,Leonardo Paiva,Rio de Janeiro,Rio de Janeiro,Algodão em Bolas 100g,Primeiros Socorros,1,7.20
2025-03-06,2025,3,Mariana Ribeiro,Rio de Janeiro,Rio de Janeiro,Lenços Umedecidos Antissépticos,Higiene Pessoal,3,45.00
2025-03-06,2025,3,Antonella Cavalcanti,Campinas,São Paulo,Álcool em Gel 70% 500ml,Higiene Pessoal,1,18.00
2025-03-07,2025,3,Sérgio Siqueira,Rio de Janeiro,Rio de Janeiro,Paracetamol 500mg,Analgesicos,4,22.00
2025-03-07,2025,3,Sérgio Siqueira,Rio de Janeiro,Rio de Janeiro,Paracetamol 500mg,Analgesicos,4,22.00
2025-03-07,2025,3,Sérgio Siqueira,Rio de Janeiro,Rio de Janeiro,Paracetamol 500mg,Analgesicos,4,22.00
2025-03-07,2025,3,Sérgio Siqueira,Rio de Janeiro,Rio de Janeiro,Paracetamol 500mg,Analgesicos,4,22.00
2025-03-08,2025,3,Isaac Barbosa,Campinas,São Paulo,Hastes Flexíveis com Pontas de Algodão (Cotonetes) 150un,Higiene Pessoal,1,8.50
2025-03-08,2025,3,Isaac Barbosa,Campinas,São Paulo,Hastes Flexíveis com Pontas de Algodão (Cotonetes) 150un,Higiene Pessoal,1,8.50
2025-03-08,2025,3,Isaac Barbosa,Campinas,São Paulo,Hastes Flexíveis com Pontas de Algodão (Cotonetes) 150un,Higiene Pessoal,1,8.50
2025-03-08,2025,3,Isaac Barbosa,Campinas,São Paulo,Hastes Flexíveis com Pontas de Algodão (Cotonetes) 150un,Higiene Pessoal,1,8.50
2025-03-08,2025,3,Benjamin Oliveira,Campinas,São Paulo,Amoxicilina 500mg,Antibióticos,3,38.25
2025-03-08,2025,3,Benjamin Oliveira,Campinas,São Paulo,Amoxicilina 500mg,Antibióticos,3,38.25
2025-03-09,2025,3,Rodrigo Santos,Campinas,São Paulo,Paracetamol 500mg,Analgesicos,4,22.00
2025-03-10,2025,3,Marcos Valente,Rio de Janeiro,Rio de Janeiro,Álcool em Gel 70% 500ml,Higiene Pessoal,1,18.00
2025-03-12,2025,3,Marcos Valente,Rio de Janeiro,Rio de Janeiro,Sabonete Líquido Antisséptico,Higiene Pessoal,1,12.30
2025-03-12,2025,3,Marcos Valente,Rio de Janeiro,Rio de Janeiro,Sabonete Líquido Antisséptico,Higiene Pessoal,1,12.30
2025-03-12,2025,3,Leonardo Paiva,Rio de Janeiro,Rio de Janeiro,Algodão em Bolas 100g,Primeiros Socorros,1,7.20
2025-03-12,2025,3,Marcos Valente,Rio de Janeiro,Rio de Janeiro,Sabonete Líquido Antisséptico,Higiene Pessoal,1,12.30
2025-03-12,2025,3,Marcos Valente,Rio de Janeiro,Rio de Janeiro,Sabonete Líquido Antisséptico,Higiene Pessoal,1,12.30
2025-03-13,2025,3,Fernanda Guerra,Campinas,São Paulo,Vitamina C Efervescente 1g,Suplementos Alimentares,1,28.50
2025-03-15,2025,3,Sandra Fogaça,Campinas,São Paulo,Paracetamol 500mg,Analgesicos,4,22.00
2025-03-15,2025,3,Sandra Fogaça,Campinas,São Paulo,Paracetamol 500mg,Analgesicos,4,22.00
2025-03-15,2025,3,Fernando Queiroz,Rio de Janeiro,Rio de Janeiro,Gase Estéril Pacote (10 un),Primeiros Socorros,2,19.00
2025-03-15,2025,3,Sandra Fogaça,Campinas,São Paulo,Paracetamol 500mg,Analgesicos,4,22.00
2025-03-15,2025,3,Sandra Fogaça,Campinas,São Paulo,Paracetamol 500mg,Analgesicos,4,22.00
2025-03-16,2025,3,Diego Pinto,Rio de Janeiro,Rio de Janeiro,Máscara de Proteção N95,Proteção e Segurança,2,12.00
2025-03-16,2025,3,Diego Pinto,Rio de Janeiro,Rio de Janeiro,Máscara de Proteção N95,Proteção e Segurança,2,12.00
2025-03-16,2025,3,Fernanda Guerra,Campinas,São Paulo,Vitamina C Efervescente 1g,Suplementos Alimentares,1,28.50
2025-03-17,2025,3,Diego Pinto,Rio de Janeiro,Rio de Janeiro,Soro Fisiológico 0.9% 500ml,Primeiros Socorros,1,8.00
2025-03-17,2025,3,Diego Pinto,Rio de Janeiro,Rio de Janeiro,Soro Fisiológico 0.9% 500ml,Primeiros Socorros,1,8.00
2025-03-17,2025,3,Diego Pinto,Rio de Janeiro,Rio de Janeiro,Soro Fisiológico 0.9% 500ml,Primeiros Socorros,1,8.00
2025-03-17,2025,3,Diego Pinto,Rio de Janeiro,Rio de Janeiro,Soro Fisiológico 0.9% 500ml,Primeiros Socorros,1,8.00
2025-03-18,2025,3,Bruno Souza,Campinas,São Paulo,Creatina Monohidratada 300g,Suplementos Alimentares,2,199.80
2025-03-18,2025,3,Bruno Souza,Campinas,São Paulo,Creatina Monohidratada 300g,Suplementos Alimentares,2,199.80
2025-03-18,2025,3,Fernando Queiroz,Rio de Janeiro,Rio de Janeiro,Gase Estéril Pacote (10 un),Primeiros Socorros,2,19.00
2025-03-18,2025,3,Bruno Souza,Campinas,São Paulo,Creatina Monohidratada 300g,Suplementos Alimentares,2,199.80
2025-03-18,2025,3,Bruno Souza,Campinas,São Paulo,Creatina Monohidratada 300g,Suplementos Alimentares,2,199.80
2025-03-20,2025,3,Esther Lima,Campinas,São Paulo,Teste de Gravidez Digital,Testes e Diagnósticos,1,45.90
2025-03-20,2025,3,Fernando Queiroz,Rio de Janeiro,Rio de Janeiro,Álcool em Gel 70% 500ml,Higiene Pessoal,2,36.00
2025-03-20,2025,3,Fernando Queiroz,Rio de Janeiro,Rio de Janeiro,Álcool em Gel 70% 500ml,Higiene Pessoal,2,36.00
2025-03-20,2025,3,Fernando Queiroz,Rio de Janeiro,Rio de Janeiro,Álcool em Gel 70% 500ml,Higiene Pessoal,2,36.00
2025-03-20,2025,3,Esther Lima,Campinas,São Paulo,Teste de Gravidez Digital,Testes e Diagnósticos,1,45.90
2025-03-20,2025,3,Fernando Queiroz,Rio de Janeiro,Rio de Janeiro,Álcool em Gel 70% 500ml,Higiene Pessoal,2,36.00
2025-03-20,2025,3,Nicolas Gonçalves,Rio de Janeiro,Rio de Janeiro,Curativo Adesivo à Prova D'água,Primeiros Socorros,2,27.80
2025-03-20,2025,3,Esther Lima,Campinas,São Paulo,Teste de Gravidez Digital,Testes e Diagnósticos,1,45.90
2025-03-20,2025,3,Esther Lima,Campinas,São Paulo,Teste de Gravidez Digital,Testes e Diagnósticos,1,45.90
2025-03-21,2025,3,Nicolas Gonçalves,Rio de Janeiro,Rio de Janeiro,Curativo Adesivo à Prova D'água,Primeiros Socorros,2,27.80
2025-03-21,2025,3,Igor Resende,Rio de Janeiro,Rio de Janeiro,Vitamina C Efervescente 1g,Suplementos Alimentares,2,57.00
2025-03-23,2025,3,Carlos Pereira,Macapá,Amapá,Paracetamol 500mg,Analgesicos,4,22.00
2025-03-23,2025,3,Bruna Campos,Campinas,São Paulo,Paracetamol 500mg,Analgesicos,4,22.00
2025-03-23,2025,3,Carlos Pereira,Macapá,Amapá,Paracetamol 500mg,Analgesicos,4,22.00
2025-03-23,2025,3,Bruna Campos,Campinas,São Paulo,Paracetamol 500mg,Analgesicos,4,22.00
2025-03-23,2025,3,Bruna Campos,Campinas,São Paulo,Paracetamol 500mg,Analgesicos,4,22.00
2025-03-23,2025,3,Rebeca Gonçalves,Campinas,São Paulo,Paracetamol 500mg,Analgesicos,4,22.00
2025-03-23,2025,3,Bruna Campos,Campinas,São Paulo,Paracetamol 500mg,Analgesicos,4,22.00
2025-03-24,2025,3,Rebeca Gonçalves,Campinas,São Paulo,Paracetamol 500mg,Analgesicos,4,22.00
2025-03-26,2025,3,Carolina Macedo,Campinas,São Paulo,Creatina Monohidratada 300g,Suplementos Alimentares,3,299.70
2025-03-26,2025,3,Guilherme Cavalcanti,Campinas,São Paulo,Pinça de Sobrancelha Ponta Diagonal,Cosméticos,2,28.00
2025-03-26,2025,3,Guilherme Cavalcanti,Campinas,São Paulo,Pinça de Sobrancelha Ponta Diagonal,Cosméticos,2,28.00
2025-03-26,2025,3,Carolina Macedo,Campinas,São Paulo,Creatina Monohidratada 300g,Suplementos Alimentares,3,299.70
2025-03-26,2025,3,Lívia Mendes,Rio de Janeiro,Rio de Janeiro,Repelente de Insetos Loção,Proteção Solar,1,19.90
2025-03-26,2025,3,Carolina Macedo,Campinas,São Paulo,Creatina Monohidratada 300g,Suplementos Alimentares,3,299.70
2025-03-26,2025,3,Guilherme Cavalcanti,Campinas,São Paulo,Pinça de Sobrancelha Ponta Diagonal,Cosméticos,2,28.00
2025-03-26,2025,3,Carolina Macedo,Campinas,São Paulo,Creatina Monohidratada 300g,Suplementos Alimentares,3,299.70
2025-03-26,2025,3,Guilherme Cavalcanti,Campinas,São Paulo,Pinça de Sobrancelha Ponta Diagonal,Cosméticos,2,28.00
2025-03-27,2025,3,Matheus Lima,Rio de Janeiro,Rio de Janeiro,Protetor Solar Facial FPS 50,Proteção Solar,1,55.90
2025-03-27,2025,3,Matheus Lima,Rio de Janeiro,Rio de Janeiro,Protetor Solar Facial FPS 50,Proteção Solar,1,55.90
2025-03-27,2025,3,Matheus Lima,Rio de Janeiro,Rio de Janeiro,Protetor Solar Facial FPS 50,Proteção Solar,1,55.90
2025-03-27,2025,3,Matheus Lima,Rio de Janeiro,Rio de Janeiro,Protetor Solar Facial FPS 50,Proteção Solar,1,55.90
2025-03-28,2025,3,Cauã Almeida,Campinas,São Paulo,Solução de Iodo 10% Antisséptico,Primeiros Socorros,1,11.50
2025-03-28,2025,3,Cauã Almeida,Campinas,São Paulo,Solução de Iodo 10% Antisséptico,Primeiros Socorros,1,11.50
2025-03-28,2025,3,Leonardo Paiva,Rio de Janeiro,Rio de Janeiro,Absorvente Noturno Suave (16 un),Cuidados Femininos,2,29.60
2025-03-28,2025,3,Leonardo Paiva,Rio de Janeiro,Rio de Janeiro,Absorvente Noturno Suave (16 un),Cuidados Femininos,2,29.60
2025-03-28,2025,3,Cauã Almeida,Campinas,São Paulo,Solução de Iodo 10% Antisséptico,Primeiros Socorros,1,11.50
2025-03-28,2025,3,Cauã Almeida,Campinas,São Paulo,Solução de Iodo 10% Antisséptico,Primeiros Socorros,1,11.50
2025-03-28,2025,3,Leonardo Paiva,Rio de Janeiro,Rio de Janeiro,Absorvente Noturno Suave (16 un),Cuidados Femininos,2,29.60
2025-03-28,2025,3,Leonardo Paiva,Rio de Janeiro,Rio de Janeiro,Absorvente Noturno Suave (16 un),Cuidados Femininos,2,29.60
2025-03-30,2025,3,Sérgio Siqueira,Rio de Janeiro,Rio de Janeiro,Teste de Gravidez Digital,Testes e Diagnósticos,1,45.90
2025-03-31,2025,3,Ana Júlia Oliveira,Campinas,São Paulo,Teste de Gravidez Digital,Testes e Diagnósticos,1,45.90
2025-03-31,2025,3,Ana Júlia Oliveira,Campinas,São Paulo,Teste de Gravidez Digital,Testes e Diagnósticos,1,45.90
2025-03-31,2025,3,Débora Moreira,Campinas,São Paulo,Paracetamol 500mg,Analgesicos,4,22.00
2025-03-31,2025,3,Débora Moreira,Campinas,São Paulo,Paracetamol 500mg,Analgesicos,4,22.00
2025-03-31,2025,3,Ana Júlia Oliveira,Campinas,São Paulo,Teste de Gravidez Digital,Testes e Diagnósticos,1,45.90
2025-03-31,2025,3,Ana Júlia Oliveira,Campinas,São Paulo,Teste de Gravidez Digital,Testes e Diagnósticos,1,45.90
2025-03-31,2025,3,Débora Moreira,Campinas,São Paulo,Paracetamol 500mg,Analgesicos,4,22.00
2025-03-31,2025,3,Débora Moreira,Campinas,São Paulo,Paracetamol 500mg,Analgesicos,4,22.00
2025-04-01,2025,4,Rebeca Gonçalves,Campinas,São Paulo,Colágeno Hidrolisado em Pó 300g,Suplementos Alimentares,1,85.00
2025-04-01,2025,4,Rebeca Gonçalves,Campinas,São Paulo,Colágeno Hidrolisado em Pó 300g,Suplementos Alimentares,1,85.00
2025-04-01,2025,4,Rebeca Gonçalves,Campinas,São Paulo,Colágeno Hidrolisado em Pó 300g,Suplementos Alimentares,1,85.00
2025-04-01,2025,4,Rebeca Gonçalves,Campinas,São Paulo,Colágeno Hidrolisado em Pó 300g,Suplementos Alimentares,1,85.00
2025-04-01,2025,4,Miguel Pereira,Rio de Janeiro,Rio de Janeiro,Teste de Gravidez Digital,Testes e Diagnósticos,3,137.70
2025-04-02,2025,4,Sérgio Siqueira,Rio de Janeiro,Rio de Janeiro,Teste de Gravidez Digital,Testes e Diagnósticos,1,45.90
2025-04-03,2025,4,Sérgio Siqueira,Rio de Janeiro,Rio de Janeiro,Vitamina C Efervescente 1g,Suplementos Alimentares,3,85.50
2025-04-03,2025,4,Yasmin Barbosa,Rio de Janeiro,Rio de Janeiro,Ômega 3 1000mg 120 cápsulas,Suplementos Alimentares,2,179.80
2025-04-03,2025,4,Sérgio Siqueira,Rio de Janeiro,Rio de Janeiro,Vitamina C Efervescente 1g,Suplementos Alimentares,3,85.50
2025-04-03,2025,4,Yasmin Barbosa,Rio de Janeiro,Rio de Janeiro,Ômega 3 1000mg 120 cápsulas,Suplementos Alimentares,2,179.80
2025-04-03,2025,4,Sérgio Siqueira,Rio de Janeiro,Rio de Janeiro,Vitamina C Efervescente 1g,Suplementos Alimentares,3,85.50
2025-04-03,2025,4,Sérgio Siqueira,Rio de Janeiro,Rio de Janeiro,Vitamina C Efervescente 1g,Suplementos Alimentares,3,85.50
2025-04-05,2025,4,Daniela Borges,Campinas,São Paulo,Amoxicilina 500mg,Antibióticos,1,12.75
2025-04-06,2025,4,Bernardo Gonçalves,Campinas,São Paulo,Gummy de Vitamina para Cabelo e Unha,Suplementos Alimentares,1,65.00
2025-04-06,2025,4,Ana Júlia Oliveira,Campinas,São Paulo,Paracetamol 500mg,Analgesicos,4,22.00
2025-04-06,2025,4,Bernardo Gonçalves,Campinas,São Paulo,Gummy de Vitamina para Cabelo e Unha,Suplementos Alimentares,1,65.00
2025-04-06,2025,4,Valentina Ribeiro,Campinas,São Paulo,Curativo Adesivo à Prova D'água,Primeiros Socorros,1,13.90
2025-04-06,2025,4,Bernardo Gonçalves,Campinas,São Paulo,Gummy de Vitamina para Cabelo e Unha,Suplementos Alimentares,1,65.00
2025-04-06,2025,4,Bernardo Gonçalves,Campinas,São Paulo,Gummy de Vitamina para Cabelo e Unha,Suplementos Alimentares,1,65.00
2025-04-06,2025,4,Valentina Ribeiro,Campinas,São Paulo,Curativo Adesivo à Prova D'água,Primeiros Socorros,1,13.90
2025-04-07,2025,4,Manuela Barbosa,Campinas,São Paulo,Paracetamol 500mg,Analgesicos,4,22.00
2025-04-08,2025,4,Márcia Freitas,Campinas,São Paulo,Paracetamol 500mg,Analgesicos,4,22.00
2025-04-08,2025,4,Márcia Freitas,Campinas,São Paulo,Paracetamol 500mg,Analgesicos,4,22.00
2025-04-08,2025,4,Lívia Mendes,Rio de Janeiro,Rio de Janeiro,Whey Protein Concentrado 900g,Suplementos Alimentares,1,150.00
2025-04-08,2025,4,Márcia Freitas,Campinas,São Paulo,Paracetamol 500mg,Analgesicos,4,22.00
2025-04-08,2025,4,Lívia Mendes,Rio de Janeiro,Rio de Janeiro,Whey Protein Concentrado 900g,Suplementos Alimentares,1,150.00
2025-04-08,2025,4,Lívia Mendes,Rio de Janeiro,Rio de Janeiro,Whey Protein Concentrado 900g,Suplementos Alimentares,1,150.00
2025-04-08,2025,4,Lívia Mendes,Rio de Janeiro,Rio de Janeiro,Whey Protein Concentrado 900g,Suplementos Alimentares,1,150.00
2025-04-08,2025,4,Márcia Freitas,Campinas,São Paulo,Paracetamol 500mg,Analgesicos,4,22.00
2025-04-10,2025,4,Yasmin Barbosa,Rio de Janeiro,Rio de Janeiro,Teste de Gravidez Digital,Testes e Diagnósticos,1,45.90
2025-04-10,2025,4,Yasmin Barbosa,Rio de Janeiro,Rio de Janeiro,Teste de Gravidez Digital,Testes e Diagnósticos,1,45.90
2025-04-10,2025,4,Raul Ramos,Rio de Janeiro,Rio de Janeiro,Absorvente Noturno Suave (16 un),Cuidados Femininos,3,44.40
2025-04-10,2025,4,Yasmin Barbosa,Rio de Janeiro,Rio de Janeiro,Teste de Gravidez Digital,Testes e Diagnósticos,1,45.90
2025-04-10,2025,4,Yasmin Barbosa,Rio de Janeiro,Rio de Janeiro,Teste de Gravidez Digital,Testes e Diagnósticos,1,45.90
2025-04-11,2025,4,Daniela Borges,Campinas,São Paulo,Amoxicilina 500mg,Antibióticos,1,12.75
2025-04-12,2025,4,Rodrigo Santos,Campinas,São Paulo,Paracetamol 500mg,Analgesicos,4,22.00
2025-04-12,2025,4,Eliane Xavier,Campinas,São Paulo,Ômega 3 1000mg 120 cápsulas,Suplementos Alimentares,2,179.80
2025-04-13,2025,4,Pedro Souza,Campinas,São Paulo,Gel para Dores Musculares,Cuidados Corporais,1,35.40
2025-04-13,2025,4,Pedro Souza,Campinas,São Paulo,Gel para Dores Musculares,Cuidados Corporais,1,35.40
2025-04-13,2025,4,Pedro Souza,Campinas,São Paulo,Gel para Dores Musculares,Cuidados Corporais,1,35.40
2025-04-13,2025,4,Ana Júlia Oliveira,Campinas,São Paulo,Paracetamol 500mg,Analgesicos,4,22.00
2025-04-13,2025,4,Pedro Souza,Campinas,São Paulo,Gel para Dores Musculares,Cuidados Corporais,1,35.40
2025-04-14,2025,4,Alexandre Viana,Rio de Janeiro,Rio de Janeiro,Teste de Gravidez Digital,Testes e Diagnósticos,1,45.90
2025-04-15,2025,4,Elisa Nogueira,Campinas,São Paulo,Sulfato Ferroso + Ácido Fólico,Suplementos Alimentares,2,47.00
2025-04-15,2025,4,Elisa Nogueira,Campinas,São Paulo,Sulfato Ferroso + Ácido Fólico,Suplementos Alimentares,2,47.00
2025-04-15,2025,4,Elisa Nogueira,Campinas,São Paulo,Sulfato Ferroso + Ácido Fólico,Suplementos Alimentares,2,47.00
2025-04-15,2025,4,Letícia Santos,Campinas,São Paulo,Vitamina C Efervescente 1g,Suplementos Alimentares,2,57.00
2025-04-15,2025,4,Elisa Nogueira,Campinas,São Paulo,Sulfato Ferroso + Ácido Fólico,Suplementos Alimentares,2,47.00
2025-04-16,2025,4,Eduardo Cunha,Rio de Janeiro,Rio de Janeiro,Paracetamol 500mg,Analgesicos,4,22.00
2025-04-16,2025,4,Eduardo Cunha,Rio de Janeiro,Rio de Janeiro,Paracetamol 500mg,Analgesicos,4,22.00
2025-04-16,2025,4,Eduardo Cunha,Rio de Janeiro,Rio de Janeiro,Paracetamol 500mg,Analgesicos,4,22.00
2025-04-16,2025,4,Eduardo Cunha,Rio de Janeiro,Rio de Janeiro,Paracetamol 500mg,Analgesicos,4,22.00
2025-04-18,2025,4,Lavínia Pereira,Campinas,São Paulo,Teste de Gravidez Digital,Testes e Diagnósticos,1,45.90
2025-04-18,2025,4,Simone Pimenta,Campinas,São Paulo,Loção Pós-Barba Hidratante,Cuidados Masculinos,1,32.00
2025-04-18,2025,4,Renata Brandão,Campinas,São Paulo,Máscara de Proteção N95,Proteção e Segurança,2,12.00
2025-04-18,2025,4,Heitor Lima,Rio de Janeiro,Rio de Janeiro,Vacina Influenza 2025,Vacinas,3,150.00
2025-04-18,2025,4,Simone Pimenta,Campinas,São Paulo,Loção Pós-Barba Hidratante,Cuidados Masculinos,1,32.00
2025-04-18,2025,4,Lavínia Pereira,Campinas,São Paulo,Teste de Gravidez Digital,Testes e Diagnósticos,1,45.90
2025-04-18,2025,4,Lavínia Pereira,Campinas,São Paulo,Teste de Gravidez Digital,Testes e Diagnósticos,1,45.90
2025-04-18,2025,4,Simone Pimenta,Campinas,São Paulo,Loção Pós-Barba Hidratante,Cuidados Masculinos,1,32.00
2025-04-18,2025,4,Lavínia Pereira,Campinas,São Paulo,Teste de Gravidez Digital,Testes e Diagnósticos,1,45.90
2025-04-18,2025,4,Simone Pimenta,Campinas,São Paulo,Loção Pós-Barba Hidratante,Cuidados Masculinos,1,32.00
2025-04-18,2025,4,Heitor Lima,Rio de Janeiro,Rio de Janeiro,Vacina Influenza 2025,Vacinas,3,150.00
2025-04-19,2025,4,Raul Ramos,Rio de Janeiro,Rio de Janeiro,Absorvente Noturno Suave (16 un),Cuidados Femininos,3,44.40
2025-04-19,2025,4,Anderson Silva,Rio Branco,Acre,Paracetamol 500mg,Analgesicos,4,22.00
2025-04-20,2025,4,Davi Nogueira,Campinas,São Paulo,Paracetamol 500mg,Analgesicos,4,22.00
2025-04-21,2025,4,Rodrigo Santos,Campinas,São Paulo,Multivitamínico A-Z Homem,Suplementos Alimentares,1,49.90
2025-04-21,2025,4,Rodrigo Santos,Campinas,São Paulo,Multivitamínico A-Z Homem,Suplementos Alimentares,1,49.90
2025-04-21,2025,4,Rodrigo Santos,Campinas,São Paulo,Multivitamínico A-Z Homem,Suplementos Alimentares,1,49.90
2025-04-21,2025,4,Rodrigo Santos,Campinas,São Paulo,Multivitamínico A-Z Homem,Suplementos Alimentares,1,49.90
2025-04-21,2025,4,Eliane Xavier,Campinas,São Paulo,Ômega 3 1000mg 120 cápsulas,Suplementos Alimentares,2,179.80
2025-04-22,2025,4,Larissa Monteiro,Campinas,São Paulo,Algodão em Bolas 100g,Primeiros Socorros,1,7.20
2025-04-22,2025,4,Larissa Monteiro,Campinas,São Paulo,Algodão em Bolas 100g,Primeiros Socorros,1,7.20
2025-04-23,2025,4,Marcelo Rocha,Rio de Janeiro,Rio de Janeiro,Algodão em Bolas 100g,Primeiros Socorros,1,7.20
2025-04-24,2025,4,Eliane Xavier,Campinas,São Paulo,Paracetamol 500mg,Analgesicos,4,22.00
2025-04-24,2025,4,Eliane Xavier,Campinas,São Paulo,Paracetamol 500mg,Analgesicos,4,22.00
2025-04-24,2025,4,Eliane Xavier,Campinas,São Paulo,Paracetamol 500mg,Analgesicos,4,22.00
2025-04-24,2025,4,Eliane Xavier,Campinas,São Paulo,Paracetamol 500mg,Analgesicos,4,22.00
2025-04-24,2025,4,Helena Martins,Rio de Janeiro,Rio de Janeiro,Amoxicilina 500mg,Antibióticos,3,38.25
2025-04-26,2025,4,Melissa Costa,Campinas,São Paulo,Teste de Gravidez Digital,Testes e Diagnósticos,1,45.90
2025-04-26,2025,4,Leonardo Paiva,Rio de Janeiro,Rio de Janeiro,BCAA em Pó 200g Sabor Limão,Suplementos Alimentares,1,75.00
2025-04-26,2025,4,Melissa Costa,Campinas,São Paulo,Teste de Gravidez Digital,Testes e Diagnósticos,1,45.90
2025-04-26,2025,4,Leonardo Paiva,Rio de Janeiro,Rio de Janeiro,BCAA em Pó 200g Sabor Limão,Suplementos Alimentares,1,75.00
2025-04-26,2025,4,Leonardo Paiva,Rio de Janeiro,Rio de Janeiro,BCAA em Pó 200g Sabor Limão,Suplementos Alimentares,1,75.00
2025-04-26,2025,4,Melissa Costa,Campinas,São Paulo,Teste de Gravidez Digital,Testes e Diagnósticos,1,45.90
2025-04-26,2025,4,Leonardo Paiva,Rio de Janeiro,Rio de Janeiro,BCAA em Pó 200g Sabor Limão,Suplementos Alimentares,1,75.00
2025-04-26,2025,4,Melissa Costa,Campinas,São Paulo,Teste de Gravidez Digital,Testes e Diagnósticos,1,45.90
2025-04-27,2025,4,Letícia Santos,Campinas,São Paulo,Vitamina C Efervescente 1g,Suplementos Alimentares,2,57.00
2025-04-28,2025,4,Arthur Rodrigues,Rio de Janeiro,Rio de Janeiro,Amoxicilina 500mg,Antibióticos,3,38.25
2025-04-29,2025,4,Cristiane Andrade,Campinas,São Paulo,Curativo Adesivo à Prova D'água,Primeiros Socorros,2,27.80
2025-04-29,2025,4,Cauã Almeida,Campinas,São Paulo,Repelente de Insetos Loção,Proteção Solar,1,19.90
2025-04-29,2025,4,Cristiane Andrade,Campinas,São Paulo,Curativo Adesivo à Prova D'água,Primeiros Socorros,2,27.80
2025-04-29,2025,4,Cauã Almeida,Campinas,São Paulo,Repelente de Insetos Loção,Proteção Solar,1,19.90
2025-04-29,2025,4,Cristiane Andrade,Campinas,São Paulo,Curativo Adesivo à Prova D'água,Primeiros Socorros,2,27.80
2025-04-29,2025,4,Cristiane Andrade,Campinas,São Paulo,Curativo Adesivo à Prova D'água,Primeiros Socorros,2,27.80
2025-04-29,2025,4,Cauã Almeida,Campinas,São Paulo,Repelente de Insetos Loção,Proteção Solar,1,19.90
2025-04-29,2025,4,Cauã Almeida,Campinas,São Paulo,Repelente de Insetos Loção,Proteção Solar,1,19.90
2025-04-30,2025,4,Melissa Costa,Campinas,São Paulo,Álcool em Gel 70% 500ml,Higiene Pessoal,1,18.00
2025-04-30,2025,4,Melissa Costa,Campinas,São Paulo,Álcool em Gel 70% 500ml,Higiene Pessoal,1,18.00
2025-05-01,2025,5,Renata Brandão,Campinas,São Paulo,Máscara de Proteção N95,Proteção e Segurança,2,12.00
2025-05-02,2025,5,Renata Brandão,Campinas,São Paulo,Paracetamol 500mg,Analgesicos,4,22.00
2025-05-02,2025,5,Renata Brandão,Campinas,São Paulo,Paracetamol 500mg,Analgesicos,4,22.00
2025-05-02,2025,5,Lívia Mendes,Rio de Janeiro,Rio de Janeiro,Curativo Adesivo à Prova D'água,Primeiros Socorros,2,27.80
2025-05-02,2025,5,Renata Brandão,Campinas,São Paulo,Paracetamol 500mg,Analgesicos,4,22.00
2025-05-02,2025,5,Fernanda Guerra,Campinas,São Paulo,Vitamina C Efervescente 1g,Suplementos Alimentares,1,28.50
2025-05-02,2025,5,Renata Brandão,Campinas,São Paulo,Paracetamol 500mg,Analgesicos,4,22.00
2025-05-03,2025,5,Cristiane Andrade,Campinas,São Paulo,Lenços Umedecidos Antissépticos,Higiene Pessoal,1,15.00
2025-05-03,2025,5,Davi Nogueira,Campinas,São Paulo,Paracetamol 500mg,Analgesicos,4,22.00
2025-05-03,2025,5,Antonella Cavalcanti,Campinas,São Paulo,Preservativo Pacote Leve 8 Pague 6,Proteção e Segurança,1,15.00
2025-05-03,2025,5,Antonella Cavalcanti,Campinas,São Paulo,Preservativo Pacote Leve 8 Pague 6,Proteção e Segurança,1,15.00
2025-05-03,2025,5,Antonella Cavalcanti,Campinas,São Paulo,Preservativo Pacote Leve 8 Pague 6,Proteção e Segurança,1,15.00
2025-05-03,2025,5,Antonella Cavalcanti,Campinas,São Paulo,Preservativo Pacote Leve 8 Pague 6,Proteção e Segurança,1,15.00
2025-05-04,2025,5,André Morais,Rio de Janeiro,Rio de Janeiro,Espuma de Barbear Pele Sensível,Cuidados Masculinos,1,28.00
2025-05-04,2025,5,Antonella Cavalcanti,Campinas,São Paulo,Paracetamol 500mg,Analgesicos,4,22.00
2025-05-04,2025,5,André Morais,Rio de Janeiro,Rio de Janeiro,Espuma de Barbear Pele Sensível,Cuidados Masculinos,1,28.00
2025-05-04,2025,5,André Morais,Rio de Janeiro,Rio de Janeiro,Espuma de Barbear Pele Sensível,Cuidados Masculinos,1,28.00
2025-05-04,2025,5,André Morais,Rio de Janeiro,Rio de Janeiro,Espuma de Barbear Pele Sensível,Cuidados Masculinos,1,28.00
2025-05-05,2025,5,Leonardo Paiva,Rio de Janeiro,Rio de Janeiro,Vitamina C Efervescente 1g,Suplementos Alimentares,3,85.50
2025-05-05,2025,5,Leonardo Paiva,Rio de Janeiro,Rio de Janeiro,Vitamina C Efervescente 1g,Suplementos Alimentares,3,85.50
2025-05-05,2025,5,Leonardo Paiva,Rio de Janeiro,Rio de Janeiro,Vitamina C Efervescente 1g,Suplementos Alimentares,3,85.50
2025-05-05,2025,5,Leonardo Paiva,Rio de Janeiro,Rio de Janeiro,Vitamina C Efervescente 1g,Suplementos Alimentares,3,85.50
2025-05-07,2025,5,Marcelo Rocha,Rio de Janeiro,Rio de Janeiro,Álcool em Gel 70% 500ml,Higiene Pessoal,2,36.00
2025-05-07,2025,5,Sarah Rodrigues,Campinas,São Paulo,Teste de Gravidez Digital,Testes e Diagnósticos,1,45.90
2025-05-07,2025,5,Marcelo Rocha,Rio de Janeiro,Rio de Janeiro,Álcool em Gel 70% 500ml,Higiene Pessoal,2,36.00
2025-05-07,2025,5,Esther Lima,Campinas,São Paulo,Teste de Gravidez Digital,Testes e Diagnósticos,3,137.70
2025-05-07,2025,5,Marcelo Rocha,Rio de Janeiro,Rio de Janeiro,Álcool em Gel 70% 500ml,Higiene Pessoal,2,36.00
2025-05-07,2025,5,Marcelo Rocha,Rio de Janeiro,Rio de Janeiro,Álcool em Gel 70% 500ml,Higiene Pessoal,2,36.00
2025-05-07,2025,5,Esther Lima,Campinas,São Paulo,Teste de Gravidez Digital,Testes e Diagnósticos,3,137.70
2025-05-07,2025,5,Igor Resende,Rio de Janeiro,Rio de Janeiro,Absorvente Noturno Suave (16 un),Cuidados Femininos,1,14.80
2025-05-08,2025,5,Emanuel Pereira,Campinas,São Paulo,Removedor de Esmalte sem Acetona,Cosméticos,1,7.50
2025-05-08,2025,5,Emanuel Pereira,Campinas,São Paulo,Removedor de Esmalte sem Acetona,Cosméticos,1,7.50
2025-05-08,2025,5,Emanuel Pereira,Campinas,São Paulo,Removedor de Esmalte sem Acetona,Cosméticos,1,7.50
2025-05-08,2025,5,Emanuel Pereira,Campinas,São Paulo,Removedor de Esmalte sem Acetona,Cosméticos,1,7.50
2025-05-08,2025,5,Marcelo Rocha,Rio de Janeiro,Rio de Janeiro,Algodão em Bolas 100g,Primeiros Socorros,1,7.20
2025-05-09,2025,5,Gisele Bezerra,Campinas,São Paulo,Vitamina C Efervescente 1g,Suplementos Alimentares,2,57.00
2025-05-09,2025,5,Marcelo Rocha,Rio de Janeiro,Rio de Janeiro,Curativo Adesivo à Prova D'água,Primeiros Socorros,1,13.90
2025-05-10,2025,5,Carolina Macedo,Campinas,São Paulo,Paracetamol 500mg,Analgesicos,4,22.00
2025-05-10,2025,5,Carolina Macedo,Campinas,São Paulo,Paracetamol 500mg,Analgesicos,4,22.00
2025-05-10,2025,5,Carolina Macedo,Campinas,São Paulo,Paracetamol 500mg,Analgesicos,4,22.00
2025-05-10,2025,5,Valentina Ribeiro,Campinas,São Paulo,Teste de Gravidez Digital,Testes e Diagnósticos,1,45.90
2025-05-10,2025,5,Carolina Macedo,Campinas,São Paulo,Paracetamol 500mg,Analgesicos,4,22.00
2025-05-11,2025,5,Beatriz Almeida,Rio de Janeiro,Rio de Janeiro,Cortador de Unha Aço Inox,Higiene Pessoal,2,22.40
2025-05-11,2025,5,Alexandre Viana,Rio de Janeiro,Rio de Janeiro,Creatina Monohidratada 300g,Suplementos Alimentares,2,199.80
2025-05-11,2025,5,Alexandre Viana,Rio de Janeiro,Rio de Janeiro,Creatina Monohidratada 300g,Suplementos Alimentares,2,199.80
2025-05-11,2025,5,Alexandre Viana,Rio de Janeiro,Rio de Janeiro,Creatina Monohidratada 300g,Suplementos Alimentares,2,199.80
2025-05-11,2025,5,Beatriz Almeida,Rio de Janeiro,Rio de Janeiro,Cortador de Unha Aço Inox,Higiene Pessoal,2,22.40
2025-05-11,2025,5,Alexandre Viana,Rio de Janeiro,Rio de Janeiro,Creatina Monohidratada 300g,Suplementos Alimentares,2,199.80
2025-05-12,2025,5,Beatriz Almeida,Rio de Janeiro,Rio de Janeiro,Teste de Gravidez Digital,Testes e Diagnósticos,1,45.90
2025-05-12,2025,5,Beatriz Almeida,Rio de Janeiro,Rio de Janeiro,Teste de Gravidez Digital,Testes e Diagnósticos,1,45.90
2025-05-12,2025,5,Beatriz Almeida,Rio de Janeiro,Rio de Janeiro,Teste de Gravidez Digital,Testes e Diagnósticos,1,45.90
2025-05-12,2025,5,Beatriz Almeida,Rio de Janeiro,Rio de Janeiro,Teste de Gravidez Digital,Testes e Diagnósticos,1,45.90
2025-05-13,2025,5,Ana Souza,Maceió,Alagoas,Teste de Gravidez Digital,Testes e Diagnósticos,2,91.80
2025-05-14,2025,5,Fábio Pires,Rio de Janeiro,Rio de Janeiro,Vitamina C Efervescente 1g,Suplementos Alimentares,1,28.50
2025-05-15,2025,5,Leandro Teixeira,Rio de Janeiro,Rio de Janeiro,Gase Estéril Pacote (10 un),Primeiros Socorros,1,9.50
2025-05-15,2025,5,Enzo Silva,Campinas,São Paulo,Paracetamol 500mg,Analgesicos,4,22.00
2025-05-15,2025,5,Leandro Teixeira,Rio de Janeiro,Rio de Janeiro,Gase Estéril Pacote (10 un),Primeiros Socorros,1,9.50
2025-05-18,2025,5,Amanda Correia,Campinas,São Paulo,Vitamina C Efervescente 1g,Suplementos Alimentares,1,28.50
2025-05-19,2025,5,Sophia Mendes,Campinas,São Paulo,Paracetamol 500mg,Analgesicos,4,22.00
2025-05-19,2025,5,Sophia Mendes,Campinas,São Paulo,Paracetamol 500mg,Analgesicos,4,22.00
2025-05-20,2025,5,Mariana Ribeiro,Rio de Janeiro,Rio de Janeiro,Cortador de Unha Aço Inox,Higiene Pessoal,2,22.40
2025-05-22,2025,5,Lívia Mendes,Rio de Janeiro,Rio de Janeiro,Curativo Adesivo à Prova D'água,Primeiros Socorros,2,27.80
2025-05-22,2025,5,Tatiane Lopes,Campinas,São Paulo,Paracetamol 500mg,Analgesicos,4,22.00
2025-05-23,2025,5,Isaac Barbosa,Campinas,São Paulo,Creatina Monohidratada 300g,Suplementos Alimentares,1,99.90
2025-05-24,2025,5,Cristiane Andrade,Campinas,São Paulo,Lenços Umedecidos Antissépticos,Higiene Pessoal,1,15.00
2025-05-24,2025,5,Igor Resende,Rio de Janeiro,Rio de Janeiro,Vitamina C Efervescente 1g,Suplementos Alimentares,2,57.00
2025-05-25,2025,5,Lívia Mendes,Rio de Janeiro,Rio de Janeiro,Repelente de Insetos Loção,Proteção Solar,1,19.90
2025-05-26,2025,5,Antonella Cavalcanti,Campinas,São Paulo,Paracetamol 500mg,Analgesicos,4,22.00
2025-05-26,2025,5,Miguel Pereira,Rio de Janeiro,Rio de Janeiro,Teste de Gravidez Digital,Testes e Diagnósticos,3,137.70
2025-05-28,2025,5,José Padilha,Rio de Janeiro,Rio de Janeiro,Complexo B 100 cápsulas,Suplementos Alimentares,2,90.00
2025-05-29,2025,5,Alexandre Viana,Rio de Janeiro,Rio de Janeiro,Teste de Gravidez Digital,Testes e Diagnósticos,1,45.90
2025-05-30,2025,5,Eliane Xavier,Campinas,São Paulo,Kit de Curativos Avançado,Primeiros Socorros,1,25.00
2025-05-30,2025,5,Anderson Silva,Rio Branco,Acre,Paracetamol 500mg,Analgesicos,4,22.00
2025-05-30,2025,5,Arthur Rodrigues,Rio de Janeiro,Rio de Janeiro,Vitamina C Efervescente 1g,Suplementos Alimentares,1,28.50
2025-05-31,2025,5,Igor Resende,Rio de Janeiro,Rio de Janeiro,Absorvente Noturno Suave (16 un),Cuidados Femininos,1,14.80
2025-05-31,2025,5,Aline Peixoto,Campinas,São Paulo,Cálcio + Vitamina D3,Suplementos Alimentares,2,76.00
2025-06-02,2025,6,Fernanda Guerra,Campinas,São Paulo,Vitamina C Efervescente 1g,Suplementos Alimentares,1,28.50
2025-06-03,2025,6,Sarah Rodrigues,Campinas,São Paulo,Teste de Gravidez Digital,Testes e Diagnósticos,1,45.90
2025-06-03,2025,6,Anderson Melo,Rio de Janeiro,Rio de Janeiro,Gase Estéril Pacote (10 un),Primeiros Socorros,2,19.00
2025-06-03,2025,6,Maria Clara Rodrigues,Rio de Janeiro,Rio de Janeiro,Paracetamol 500mg,Analgesicos,4,22.00
2025-06-05,2025,6,Sarah Rodrigues,Campinas,São Paulo,Paracetamol 500mg,Analgesicos,4,22.00
2025-06-07,2025,6,Ana Souza,Maceió,Alagoas,Creatina Monohidratada 300g,Suplementos Alimentares,2,199.80
2025-06-08,2025,6,Eliane Xavier,Campinas,São Paulo,Kit de Curativos Avançado,Primeiros Socorros,1,25.00
2025-06-09,2025,6,Maria Clara Rodrigues,Rio de Janeiro,Rio de Janeiro,Paracetamol 500mg,Analgesicos,4,22.00
2025-06-09,2025,6,Calebe Mendes,Campinas,São Paulo,Lubrificante Íntimo à Base de Água 50g,Higiene Pessoal,3,60.00
2025-06-09,2025,6,Felipe Barros,Rio de Janeiro,Rio de Janeiro,Amoxicilina 500mg,Antibióticos,1,12.75
2025-06-09,2025,6,Felipe Barros,Rio de Janeiro,Rio de Janeiro,Amoxicilina 500mg,Antibióticos,1,12.75
2025-06-11,2025,6,Bernardo Gonçalves,Campinas,São Paulo,Teste de Gravidez Digital,Testes e Diagnósticos,2,91.80
2025-06-12,2025,6,Vanessa Neves,Campinas,São Paulo,Paracetamol 500mg,Analgesicos,4,22.00
2025-06-12,2025,6,Bernardo Gonçalves,Campinas,São Paulo,Teste de Gravidez Digital,Testes e Diagnósticos,2,91.80
2025-06-14,2025,6,Lívia Mendes,Rio de Janeiro,Rio de Janeiro,Vitamina C Efervescente 1g,Suplementos Alimentares,2,57.00
2025-06-14,2025,6,Gisele Bezerra,Campinas,São Paulo,Vitamina C Efervescente 1g,Suplementos Alimentares,1,28.50
2025-06-15,2025,6,Ana Júlia Oliveira,Campinas,São Paulo,Protetor Solar Facial FPS 50,Proteção Solar,2,111.80
2025-06-15,2025,6,Raul Ramos,Rio de Janeiro,Rio de Janeiro,Protetor Solar Corporal FPS 30 200ml,Proteção Solar,3,144.00
2025-06-16,2025,6,Amanda Correia,Campinas,São Paulo,Álcool em Gel 70% 500ml,Higiene Pessoal,2,36.00
2025-06-17,2025,6,Clarice Souza,Campinas,São Paulo,Paracetamol 500mg,Analgesicos,4,22.00
2025-06-18,2025,6,Diego Pinto,Rio de Janeiro,Rio de Janeiro,Vacina Influenza 2025,Vacinas,3,150.00
2025-06-18,2025,6,Leandro Teixeira,Rio de Janeiro,Rio de Janeiro,Vitamina C Efervescente 1g,Suplementos Alimentares,2,57.00
2025-06-21,2025,6,Cristiane Andrade,Campinas,São Paulo,Desodorante Aerosol Sem Perfume,Higiene Pessoal,1,16.50
2025-06-21,2025,6,Rafael Nogueira,Rio de Janeiro,Rio de Janeiro,Teste de Gravidez Digital,Testes e Diagnósticos,2,91.80
2025-06-22,2025,6,Sérgio Siqueira,Rio de Janeiro,Rio de Janeiro,Álcool em Gel 70% 500ml,Higiene Pessoal,2,36.00
2025-06-23,2025,6,Isabelly Silva,Campinas,São Paulo,Paracetamol 500mg,Analgesicos,4,22.00
2025-06-24,2025,6,Heitor Lima,Rio de Janeiro,Rio de Janeiro,Vitamina C Efervescente 1g,Suplementos Alimentares,1,28.50
2025-06-25,2025,6,Theo Cavalcanti,Campinas,São Paulo,Ômega 3 1000mg 120 cápsulas,Suplementos Alimentares,1,89.90
2025-06-25,2025,6,Theo Cavalcanti,Campinas,São Paulo,Ômega 3 1000mg 120 cápsulas,Suplementos Alimentares,1,89.90
2025-06-26,2025,6,Gisele Bezerra,Campinas,São Paulo,Vitamina C Efervescente 1g,Suplementos Alimentares,1,28.50
2025-06-27,2025,6,Clarice Souza,Campinas,São Paulo,Whey Protein Concentrado 900g,Suplementos Alimentares,3,450.00
2025-06-27,2025,6,Pedro Souza,Campinas,São Paulo,Vitamina C Efervescente 1g,Suplementos Alimentares,2,57.00
2025-06-27,2025,6,Lorenzo Silva,Campinas,São Paulo,Esparadrapo Impermeável Branco,Primeiros Socorros,2,18.00
2025-06-29,2025,6,Clarice Souza,Campinas,São Paulo,Curativo Adesivo à Prova D'água,Primeiros Socorros,2,27.80
2025-06-29,2025,6,Clarice Souza,Campinas,São Paulo,Curativo Adesivo à Prova D'água,Primeiros Socorros,2,27.80
2025-07-01,2025,7,Ana Júlia Oliveira,Campinas,São Paulo,Protetor Solar Facial FPS 50,Proteção Solar,2,111.80
2025-07-03,2025,7,Gabriel Pereira,Campinas,São Paulo,Absorvente Noturno Suave (16 un),Cuidados Femininos,1,14.80
2025-07-03,2025,7,Gabriel Pereira,Campinas,São Paulo,Absorvente Noturno Suave (16 un),Cuidados Femininos,1,14.80
2025-07-04,2025,7,Tatiane Lopes,Campinas,São Paulo,Paracetamol 500mg,Analgesicos,4,22.00
2025-07-07,2025,7,Luiza Costa,Campinas,São Paulo,Creatina Monohidratada 300g,Suplementos Alimentares,2,199.80
2025-07-07,2025,7,Daniel Ribeiro,Campinas,São Paulo,Lenços Umedecidos Antissépticos,Higiene Pessoal,3,45.00
2025-07-07,2025,7,Daniel Ribeiro,Campinas,São Paulo,Lenços Umedecidos Antissépticos,Higiene Pessoal,3,45.00
2025-07-09,2025,7,Ricardo Vieira,Rio de Janeiro,Rio de Janeiro,Cortador de Unha Aço Inox,Higiene Pessoal,1,11.20
2025-07-11,2025,7,Júlia Oliveira,Campinas,São Paulo,Álcool em Gel 70% 500ml,Higiene Pessoal,1,18.00
2025-07-11,2025,7,Júlia Oliveira,Campinas,São Paulo,Álcool em Gel 70% 500ml,Higiene Pessoal,1,18.00
2025-07-11,2025,7,Manuela Barbosa,Campinas,São Paulo,Teste de Gravidez Digital,Testes e Diagnósticos,2,91.80
2025-07-13,2025,7,Lívia Mendes,Rio de Janeiro,Rio de Janeiro,Gel para Dores Musculares,Cuidados Corporais,4,141.60
2025-07-13,2025,7,Carlos Santana,Rio de Janeiro,Rio de Janeiro,Lenços Umedecidos Antissépticos,Higiene Pessoal,3,45.00
2025-07-15,2025,7,Gabriela Azevedo,Campinas,São Paulo,Coenzima Q10 100mg,Suplementos Alimentares,2,190.00
2025-07-15,2025,7,Gabriela Azevedo,Campinas,São Paulo,Coenzima Q10 100mg,Suplementos Alimentares,2,190.00
2025-07-15,2025,7,Leandro Teixeira,Rio de Janeiro,Rio de Janeiro,Vitamina C Efervescente 1g,Suplementos Alimentares,2,57.00
2025-07-16,2025,7,Igor Resende,Rio de Janeiro,Rio de Janeiro,Espuma de Barbear Pele Sensível,Cuidados Masculinos,1,28.00
2025-07-19,2025,7,Pedro Souza,Campinas,São Paulo,Protetor Solar Corporal FPS 30 200ml,Proteção Solar,2,96.00
2025-07-20,2025,7,Clarice Souza,Campinas,São Paulo,Teste de Gravidez Digital,Testes e Diagnósticos,3,137.70
2025-07-23,2025,7,Carlos Pereira,Macapá,Amapá,Paracetamol 500mg,Analgesicos,5,27.50
2025-07-23,2025,7,Carlos Pereira,Macapá,Amapá,Paracetamol 500mg,Analgesicos,5,27.50
2025-07-24,2025,7,Heitor Lima,Rio de Janeiro,Rio de Janeiro,Paracetamol 500mg,Analgesicos,4,22.00
2025-07-25,2025,7,Maria Clara Rodrigues,Rio de Janeiro,Rio de Janeiro,Creatina Monohidratada 300g,Suplementos Alimentares,3,299.70
2025-07-25,2025,7,Antonella Cavalcanti,Campinas,São Paulo,Cortador de Unha Aço Inox,Higiene Pessoal,1,11.20
2025-07-29,2025,7,Gabriela Azevedo,Campinas,São Paulo,Gase Estéril Pacote (10 un),Primeiros Socorros,1,9.50
2025-07-29,2025,7,Adriana Dantas,Campinas,São Paulo,Coenzima Q10 100mg,Suplementos Alimentares,1,95.00
2025-07-29,2025,7,Davi Nogueira,Campinas,São Paulo,Amoxicilina 500mg,Antibióticos,4,51.00
2025-07-30,2025,7,Rafael Nogueira,Rio de Janeiro,Rio de Janeiro,Teste de Gravidez Digital,Testes e Diagnósticos,2,91.80
2025-07-31,2025,7,Rafael Nogueira,Rio de Janeiro,Rio de Janeiro,Teste de Gravidez Digital,Testes e Diagnósticos,2,91.80
2025-08-01,2025,8,Raul Ramos,Rio de Janeiro,Rio de Janeiro,Whey Protein Concentrado 900g,Suplementos Alimentares,1,150.00
2025-08-02,2025,8,Enzo Silva,Campinas,São Paulo,Sabonete Líquido Antisséptico,Higiene Pessoal,3,36.90
2025-08-03,2025,8,Tiago Tavares,Rio de Janeiro,Rio de Janeiro,Amoxicilina 500mg,Antibióticos,1,12.75
2025-08-05,2025,8,Paula Franco,Campinas,São Paulo,Colágeno Hidrolisado em Pó 300g,Suplementos Alimentares,1,85.00
2025-08-06,2025,8,Maria Clara Rodrigues,Rio de Janeiro,Rio de Janeiro,Máscara de Proteção N95,Proteção e Segurança,2,12.00
2025-08-07,2025,8,Leonardo Paiva,Rio de Janeiro,Rio de Janeiro,Ômega 3 1000mg 120 cápsulas,Suplementos Alimentares,3,269.70
2025-08-08,2025,8,Letícia Santos,Campinas,São Paulo,Vitamina C Efervescente 1g,Suplementos Alimentares,3,85.50
2025-08-08,2025,8,Letícia Santos,Campinas,São Paulo,Vitamina C Efervescente 1g,Suplementos Alimentares,3,85.50
2025-08-10,2025,8,Fernando Queiroz,Rio de Janeiro,Rio de Janeiro,Curativo Adesivo à Prova D'água,Primeiros Socorros,2,27.80
2025-08-11,2025,8,Isabelly Silva,Campinas,São Paulo,Paracetamol 500mg,Analgesicos,4,22.00
2025-08-13,2025,8,Alice Ferreira,Rio de Janeiro,Rio de Janeiro,Paracetamol 500mg,Analgesicos,5,27.50
2025-08-13,2025,8,Lavínia Pereira,Campinas,São Paulo,Vacina Influenza 2025,Vacinas,3,150.00
2025-08-14,2025,8,Laura Almeida,Rio de Janeiro,Rio de Janeiro,Paracetamol 500mg,Analgesicos,4,22.00
2025-08-15,2025,8,Renata Brandão,Campinas,São Paulo,Creatina Monohidratada 300g,Suplementos Alimentares,1,99.90
2025-08-16,2025,8,Matheus Lima,Rio de Janeiro,Rio de Janeiro,Curativo Adesivo à Prova D'água,Primeiros Socorros,2,27.80
2025-08-16,2025,8,Matheus Lima,Rio de Janeiro,Rio de Janeiro,Curativo Adesivo à Prova D'água,Primeiros Socorros,2,27.80
2025-08-18,2025,8,Cauã Almeida,Campinas,São Paulo,Vacina Influenza 2025,Vacinas,3,150.00
2025-08-18,2025,8,Heitor Lima,Rio de Janeiro,Rio de Janeiro,Vitamina C Efervescente 1g,Suplementos Alimentares,1,28.50
2025-08-19,2025,8,Eduardo Cunha,Rio de Janeiro,Rio de Janeiro,Algodão em Bolas 100g,Primeiros Socorros,1,7.20
2025-08-21,2025,8,André Morais,Rio de Janeiro,Rio de Janeiro,Teste de Gravidez Digital,Testes e Diagnósticos,1,45.90
2025-08-23,2025,8,Felipe Barros,Rio de Janeiro,Rio de Janeiro,Barra de Proteína Chocolate,Suplementos Alimentares,1,9.00
2025-08-24,2025,8,Emanuel Pereira,Campinas,São Paulo,Paracetamol 500mg,Analgesicos,4,22.00
2025-08-24,2025,8,Emanuel Pereira,Campinas,São Paulo,Paracetamol 500mg,Analgesicos,4,22.00
2025-08-25,2025,8,Sérgio Siqueira,Rio de Janeiro,Rio de Janeiro,Sulfato Ferroso + Ácido Fólico,Suplementos Alimentares,1,23.50
2025-08-25,2025,8,Paula Franco,Campinas,São Paulo,Vitamina C Efervescente 1g,Suplementos Alimentares,1,28.50
2025-08-26,2025,8,Sarah Rodrigues,Campinas,São Paulo,Loção Pós-Barba Hidratante,Cuidados Masculinos,3,96.00
2025-08-27,2025,8,Nicolas Gonçalves,Rio de Janeiro,Rio de Janeiro,Gase Estéril Pacote (10 un),Primeiros Socorros,2,19.00
2025-08-28,2025,8,Davi Nogueira,Campinas,São Paulo,Máscara de Proteção N95,Proteção e Segurança,1,6.00
2025-08-28,2025,8,Davi Nogueira,Campinas,São Paulo,Máscara de Proteção N95,Proteção e Segurança,1,6.00
2025-08-29,2025,8,Ricardo Vieira,Rio de Janeiro,Rio de Janeiro,"Esmalte de Unha Hipoalergênico Cor ""Vinho""",Cosméticos,1,9.90
2025-08-30,2025,8,Ana Souza,Maceió,Alagoas,Paracetamol 500mg,Analgesicos,5,27.50
2025-09-02,2025,9,André Morais,Rio de Janeiro,Rio de Janeiro,Paracetamol 500mg,Analgesicos,4,22.00
2025-09-09,2025,9,Miguel Pereira,Rio de Janeiro,Rio de Janeiro,Amoxicilina 500mg,Antibióticos,1,12.75
2025-09-14,2025,9,José Padilha,Rio de Janeiro,Rio de Janeiro,Cortador de Unha Aço Inox,Higiene Pessoal,2,22.40
2025-09-15,2025,9,Clarice Souza,Campinas,São Paulo,Whey Protein Concentrado 900g,Suplementos Alimentares,3,450.00
2025-09-16,2025,9,Isabella Santos,Campinas,São Paulo,Paracetamol 500mg,Analgesicos,4,22.00
2025-09-21,2025,9,Isabelly Silva,Campinas,São Paulo,Teste de Gravidez Digital,Testes e Diagnósticos,1,45.90
2025-09-21,2025,9,Isabelly Silva,Campinas,São Paulo,Teste de Gravidez Digital,Testes e Diagnósticos,1,45.90
2025-09-22,2025,9,Daniela Borges,Campinas,São Paulo,Ômega 3 1000mg 120 cápsulas,Suplementos Alimentares,1,89.90
2025-09-23,2025,9,Anderson Silva,Rio Branco,Acre,Paracetamol 500mg,Analgesicos,4,22.00
2025-09-23,2025,9,Regina Bastos,Campinas,São Paulo,Máscara de Proteção N95,Proteção e Segurança,2,12.00
2025-09-23,2025,9,Renata Brandão,Campinas,São Paulo,Absorvente Noturno Suave (16 un),Cuidados Femininos,1,14.80
2025-09-23,2025,9,Anderson Silva,Rio Branco,Acre,Paracetamol 500mg,Analgesicos,4,22.00
2025-09-23,2025,9,Carlos Pereira,Macapá,Amapá,Paracetamol 500mg,Analgesicos,4,22.00
2025-10-08,2025,10,Calebe Mendes,Campinas,São Paulo,Amoxicilina 500mg,Antibióticos,3,38.25
2025-10-16,2025,10,Bruna Campos,Campinas,São Paulo,Gase Estéril Pacote (10 un),Primeiros Socorros,2,19.00
2025-10-18,2025,10,Lorenzo Silva,Campinas,São Paulo,Teste de Gravidez Digital,Testes e Diagnósticos,1,45.90
2025-10-20,2025,10,Mariana Ribeiro,Rio de Janeiro,Rio de Janeiro,Ômega 3 1000mg 120 cápsulas,Suplementos Alimentares,1,89.90
2025-10-24,2025,10,Isaac Barbosa,Campinas,São Paulo,Absorvente Noturno Suave (16 un),Cuidados Femininos,4,59.20
2025-10-28,2025,10,Isabella Santos,Campinas,São Paulo,Cortador de Unha Aço Inox,Higiene Pessoal,1,11.20
2025-11-02,2025,11,Lavínia Pereira,Campinas,São Paulo,Vitamina C Efervescente 1g,Suplementos Alimentares,2,57.00
2025-11-09,2025,11,Sarah Rodrigues,Campinas,São Paulo,Algodão em Bolas 100g,Primeiros Socorros,1,7.20
2025-11-13,2025,11,Diego Pinto,Rio de Janeiro,Rio de Janeiro,Álcool em Gel 70% 500ml,Higiene Pessoal,3,54.00
2025-11-15,2025,11,Alice Ferreira,Rio de Janeiro,Rio de Janeiro,Lenços Umedecidos Antissépticos,Higiene Pessoal,1,15.00
2025-11-21,2025,11,Benjamin Oliveira,Campinas,São Paulo,Vacina Influenza 2025,Vacinas,1,50.00
2025-11-23,2025,11,Daniel Ribeiro,Campinas,São Paulo,Máscara de Proteção N95,Proteção e Segurança,3,18.00
2025-11-29,2025,11,Valentina Ribeiro,Campinas,São Paulo,Paracetamol 500mg,Analgesicos,4,22.00
2025-12-02,2025,12,Leandro Teixeira,Rio de Janeiro,Rio de Janeiro,Coenzima Q10 100mg,Suplementos Alimentares,3,285.00
2025-12-11,2025,12,Melissa Costa,Campinas,São Paulo,Lenços Umedecidos Antissépticos,Higiene Pessoal,1,15.00
2025-12-17,2025,12,Rebeca Gonçalves,Campinas,São Paulo,Paracetamol 500mg,Analgesicos,4,22.00
2025-12-28,2025,12,Sophia Mendes,Campinas,São Paulo,Paracetamol 500mg,Analgesicos,5,27.50
